[{"model": "admin.logentry", "pk": 1, "fields": {"action_time": "2026-02-03T07:49:13.681Z", "user": 1, "content_type": 7, "object_id": "1", "object_repr": "Electronics", "action_flag": 1, "change_message": "[{\"added\": {}}]"}}, {"model": "admin.logentry", "pk": 2, "fields": {"action_time": "2026-02-03T07:49:23.742Z", "user": 1, "content_type": 7, "object_id": "2", "object_repr": "Clothes", "action_flag": 1, "change_message": "[{\"added\": {}}]"}}, {"model": "admin.logentry", "pk": 3, "fields": {"action_time": "2026-02-03T07:49:43.594Z", "user": 1, "content_type": 7, "object_id": "2", "object_repr": "Clothes", "action_flag": 3, "change_message": ""}}, {"model": "admin.logentry", "pk": 4, "fields": {"action_time": "2026-02-03T07:49:51.012Z", "user": 1, "content_type": 7, "object_id": "3", "object_repr": "Fashion", "action_flag": 1, "change_message": "[{\"added\": {}}]"}}, {"model": "admin.logentry", "pk": 5, "fields": {"action_time": "2026-02-03T07:50:01.472Z", "user": 1, "content_type": 7, "object_id": "4", "object_repr": "Books", "action_flag": 1, "change_message": "[{\"added\": {}}]"}}, {"model": "admin.logentry", "pk": 6, "fields": {"action_time": "2026-02-03T09:17:16.258Z", "user": 1, "content_type": 8, "object_id": "1", "object_repr": "Mobiles", "action_flag": 1, "change_message": "[{\"added\": {}}]"}}, {"model": "admin.logentry", "pk": 7, "fields": {"action_time": "2026-02-03T09:26:45.094Z", "user": 1, "content_type": 8, "object_id": "2", "object_repr": "Fashion", "action_flag": 1, "change_message": "[{\"added\": {}}]"}}, {"model": "admin.logentry", "pk": 8, "fields": {"action_time": "2026-02-03T09:29:07.234Z", "user": 1, "content_type": 8, "object_id": "3", "object_repr": "Books", "action_flag": 1, "change_message": "[{\"added\": {}}]"}}, {"model": "admin.logentry", "pk": 9, "fields": {"action_time": "2026-02-03T10:05:18.184Z", "user": 1, "content_type": 8, "object_id": "2", "object_repr": "Fashion", "action_flag": 2, "change_message": "[{\"changed\": {\"fields\": [\"Stock\"]}}]"}}, {"model": "admin.logentry", "pk": 10, "fields": {"action_time": "2026-02-03T10:36:08.362Z", "user": 1, "content_type": 8, "object_id": "4", "object_repr": "Washing Machine", "action_flag": 1, "change_message": "[{\"added\": {}}]"}}, {"model": "admin.logentry", "pk": 11, "fields": {"action_time": "2026-02-03T10:36:08.363Z", "user": 1, "content_type": 8, "object_id": "5", "object_repr": "Washing Machine", "action_flag": 1, "change_message": "[{\"added\": {}}]"}}, {"model": "admin.logentry", "pk": 12, "fields": {"action_time": "2026-02-03T10:36:37.972Z", "user": 1, "content_type": 8, "object_id": "4", "object_repr": "Washing Machine", "action_flag": 3, "change_message": ""}}, {"model": "admin.logentry", "pk": 13, "fields": {"action_time": "2026-02-03T18:31:26.650Z", "user": 1, "content_type": 11, "object_id": "1", "object_repr": "Order #1", "action_flag": 2, "change_message": "[{\"changed\": {\"fields\": [\"Status\"]}}]"}}, {"model": "admin.logentry", "pk": 14, "fields": {"action_time": "2026-02-03T19:31:04.513Z", "user": 1, "content_type": 4, "object_id": "2", "object_repr": "Rahul", "action_flag": 3, "change_message": ""}}, {"model": "admin.logentry", "pk": 15, "fields": {"action_time": "2026-02-03T19:34:16.864Z", "user": 1, "content_type": 11, "object_id": "4", "object_repr": "Order #4", "action_flag": 2, "change_message": "[{\"changed\": {\"fields\": [\"Status\"]}}]"}}, {"model": "admin.logentry", "pk": 16, "fields": {"action_time": "2026-02-04T18:28:43.928Z", "user": 1, "content_type": 11, "object_id": "7", "object_repr": "Order #7", "action_flag": 2, "change_message": "[{\"changed\": {\"fields\": [\"Status\"]}}]"}}, {"model": "admin.logentry", "pk": 17, "fields": {"action_time": "2026-02-04T18:30:42.793Z", "user": 1, "content_type": 8, "object_id": "6", "object_repr": "shirt", "action_flag": 1, "change_message": "[{\"added\": {}}]"}}, {"model": "admin.logentry", "pk": 18, "fields": {"action_time": "2026-02-04T19:28:18.792Z", "user": 1, "content_type": 4, "object_id": "4", "object_repr": "Anurag", "action_flag": 3, "change_message": ""}}, {"model": "admin.logentry", "pk": 19, "fields": {"action_time": "2026-02-04T19:45:08.567Z", "user": 1, "content_type": 4, "object_id": "1", "object_repr": "Prashuk", "action_flag": 2, "change_message": "[{\"changed\": {\"fields\": [\"First name\", \"Last name\"]}}]"}}, {"model": "admin.logentry", "pk": 20, "fields": {"action_time": "2026-02-04T19:59:17.034Z", "user": 1, "content_type": 11, "object_id": "9", "object_repr": "Order #9", "action_flag": 2, "change_message": "[{\"changed\": {\"fields\": [\"Status\"]}}]"}}, {"model": "admin.logentry", "pk": 21, "fields": {"action_time": "2026-02-04T20:02:36.617Z", "user": 1, "content_type": 4, "object_id": "7", "object_repr": "Pranshu", "action_flag": 2, "change_message": "[{\"changed\": {\"fields\": [\"Staff status\"]}}]"}}, {"model": "admin.logentry", "pk": 22, "fields": {"action_time": "2026-02-04T20:05:26.588Z", "user": 1, "content_type": 7, "object_id": "5", "object_repr": "Laptops", "action_flag": 1, "change_message": "[{\"added\": {}}]"}}, {"model": "admin.logentry", "pk": 23, "fields": {"action_time": "2026-02-05T05:47:32.874Z", "user": 1, "content_type": 4, "object_id": "5", "object_repr": "Anurag", "action_flag": 3, "change_message": ""}}, {"model": "admin.logentry", "pk": 24, "fields": {"action_time": "2026-02-05T05:50:04.478Z", "user": 1, "content_type": 8, "object_id": "6", "object_repr": "shirt", "action_flag": 3, "change_message": ""}}, {"model": "admin.logentry", "pk": 25, "fields": {"action_time": "2026-02-05T05:55:26.728Z", "user": 1, "content_type": 8, "object_id": "7", "object_repr": "Samsung galaxy Book 4", "action_flag": 1, "change_message": "[{\"added\": {}}]"}}, {"model": "admin.logentry", "pk": 26, "fields": {"action_time": "2026-02-05T09:14:41.821Z", "user": 1, "content_type": 4, "object_id": "6", "object_repr": "Dhyan", "action_flag": 2, "change_message": "[{\"changed\": {\"fields\": [\"User permissions\"]}}]"}}, {"model": "admin.logentry", "pk": 27, "fields": {"action_time": "2026-02-05T09:15:12.788Z", "user": 1, "content_type": 4, "object_id": "6", "object_repr": "Dhyan", "action_flag": 2, "change_message": "[{\"changed\": {\"fields\": [\"Staff status\"]}}]"}}, {"model": "admin.logentry", "pk": 28, "fields": {"action_time": "2026-02-05T10:09:21.551Z", "user": 1, "content_type": 13, "object_id": "1", "object_repr": "Samsung galaxy Book 4 - 5", "action_flag": 1, "change_message": "[{\"added\": {}}]"}}, {"model": "admin.logentry", "pk": 29, "fields": {"action_time": "2026-02-05T10:36:35.944Z", "user": 1, "content_type": 11, "object_id": "11", "object_repr": "Order #11", "action_flag": 2, "change_message": "[{\"changed\": {\"fields\": [\"Status\"]}}]"}}, {"model": "admin.logentry", "pk": 30, "fields": {"action_time": "2026-02-05T10:50:58.259Z", "user": 1, "content_type": 13, "object_id": "4", "object_repr": "Fashion - 5", "action_flag": 3, "change_message": ""}}, {"model": "admin.logentry", "pk": 31, "fields": {"action_time": "2026-02-05T10:50:58.261Z", "user": 1, "content_type": 13, "object_id": "3", "object_repr": "Fashion - 5", "action_flag": 3, "change_message": ""}}, {"model": "admin.logentry", "pk": 32, "fields": {"action_time": "2026-02-05T10:50:58.263Z", "user": 1, "content_type": 13, "object_id": "2", "object_repr": "Fashion - 5", "action_flag": 3, "change_message": ""}}, {"model": "admin.logentry", "pk": 33, "fields": {"action_time": "2026-02-05T10:50:58.267Z", "user": 1, "content_type": 13, "object_id": "1", "object_repr": "Samsung galaxy Book 4 - 5", "action_flag": 3, "change_message": ""}}, {"model": "admin.logentry", "pk": 34, "fields": {"action_time": "2026-02-05T10:51:49.790Z", "user": 1, "content_type": 11, "object_id": "12", "object_repr": "Order #12", "action_flag": 2, "change_message": "[{\"changed\": {\"fields\": [\"Status\"]}}]"}}, {"model": "admin.logentry", "pk": 35, "fields": {"action_time": "2026-02-06T05:50:35.983Z", "user": 1, "content_type": 11, "object_id": "6", "object_repr": "Order #6", "action_flag": 2, "change_message": "[{\"changed\": {\"fields\": [\"Status\"]}}]"}}, {"model": "auth.permission", "pk": 1, "fields": {"name": "Can add log entry", "content_type": 1, "codename": "add_logentry"}}, {"model": "auth.permission", "pk": 2, "fields": {"name": "Can change log entry", "content_type": 1, "codename": "change_logentry"}}, {"model": "auth.permission", "pk": 3, "fields": {"name": "Can delete log entry", "content_type": 1, "codename": "delete_logentry"}}, {"model": "auth.permission", "pk": 4, "fields": {"name": "Can view log entry", "content_type": 1, "codename": "view_logentry"}}, {"model": "auth.permission", "pk": 5, "fields": {"name": "Can add permission", "content_type": 2, "codename": "add_permission"}}, {"model": "auth.permission", "pk": 6, "fields": {"name": "Can change permission", "content_type": 2, "codename": "change_permission"}}, {"model": "auth.permission", "pk": 7, "fields": {"name": "Can delete permission", "content_type": 2, "codename": "delete_permission"}}, {"model": "auth.permission", "pk": 8, "fields": {"name": "Can view permission", "content_type": 2, "codename": "view_permission"}}, {"model": "auth.permission", "pk": 9, "fields": {"name": "Can add group", "content_type": 3, "codename": "add_group"}}, {"model": "auth.permission", "pk": 10, "fields": {"name": "Can change group", "content_type": 3, "codename": "change_group"}}, {"model": "auth.permission", "pk": 11, "fields": {"name": "Can delete group", "content_type": 3, "codename": "delete_group"}}, {"model": "auth.permission", "pk": 12, "fields": {"name": "Can view group", "content_type": 3, "codename": "view_group"}}, {"model": "auth.permission", "pk": 13, "fields": {"name": "Can add user", "content_type": 4, "codename": "add_user"}}, {"model": "auth.permission", "pk": 14, "fields": {"name": "Can change user", "content_type": 4, "codename": "change_user"}}, {"model": "auth.permission", "pk": 15, "fields": {"name": "Can delete user", "content_type": 4, "codename": "delete_user"}}, {"model": "auth.permission", "pk": 16, "fields": {"name": "Can view user", "content_type": 4, "codename": "view_user"}}, {"model": "auth.permission", "pk": 17, "fields": {"name": "Can add content type", "content_type": 5, "codename": "add_contenttype"}}, {"model": "auth.permission", "pk": 18, "fields": {"name": "Can change content type", "content_type": 5, "codename": "change_contenttype"}}, {"model": "auth.permission", "pk": 19, "fields": {"name": "Can delete content type", "content_type": 5, "codename": "delete_contenttype"}}, {"model": "auth.permission", "pk": 20, "fields": {"name": "Can view content type", "content_type": 5, "codename": "view_contenttype"}}, {"model": "auth.permission", "pk": 21, "fields": {"name": "Can add session", "content_type": 6, "codename": "add_session"}}, {"model": "auth.permission", "pk": 22, "fields": {"name": "Can change session", "content_type": 6, "codename": "change_session"}}, {"model": "auth.permission", "pk": 23, "fields": {"name": "Can delete session", "content_type": 6, "codename": "delete_session"}}, {"model": "auth.permission", "pk": 24, "fields": {"name": "Can view session", "content_type": 6, "codename": "view_session"}}, {"model": "auth.permission", "pk": 25, "fields": {"name": "Can add category", "content_type": 7, "codename": "add_category"}}, {"model": "auth.permission", "pk": 26, "fields": {"name": "Can change category", "content_type": 7, "codename": "change_category"}}, {"model": "auth.permission", "pk": 27, "fields": {"name": "Can delete category", "content_type": 7, "codename": "delete_category"}}, {"model": "auth.permission", "pk": 28, "fields": {"name": "Can view category", "content_type": 7, "codename": "view_category"}}, {"model": "auth.permission", "pk": 29, "fields": {"name": "Can add product", "content_type": 8, "codename": "add_product"}}, {"model": "auth.permission", "pk": 30, "fields": {"name": "Can change product", "content_type": 8, "codename": "change_product"}}, {"model": "auth.permission", "pk": 31, "fields": {"name": "Can delete product", "content_type": 8, "codename": "delete_product"}}, {"model": "auth.permission", "pk": 32, "fields": {"name": "Can view product", "content_type": 8, "codename": "view_product"}}, {"model": "auth.permission", "pk": 33, "fields": {"name": "Can add cart", "content_type": 9, "codename": "add_cart"}}, {"model": "auth.permission", "pk": 34, "fields": {"name": "Can change cart", "content_type": 9, "codename": "change_cart"}}, {"model": "auth.permission", "pk": 35, "fields": {"name": "Can delete cart", "content_type": 9, "codename": "delete_cart"}}, {"model": "auth.permission", "pk": 36, "fields": {"name": "Can view cart", "content_type": 9, "codename": "view_cart"}}, {"model": "auth.permission", "pk": 37, "fields": {"name": "Can add cart item", "content_type": 10, "codename": "add_cartitem"}}, {"model": "auth.permission", "pk": 38, "fields": {"name": "Can change cart item", "content_type": 10, "codename": "change_cartitem"}}, {"model": "auth.permission", "pk": 39, "fields": {"name": "Can delete cart item", "content_type": 10, "codename": "delete_cartitem"}}, {"model": "auth.permission", "pk": 40, "fields": {"name": "Can view cart item", "content_type": 10, "codename": "view_cartitem"}}, {"model": "auth.permission", "pk": 41, "fields": {"name": "Can add order", "content_type": 11, "codename": "add_order"}}, {"model": "auth.permission", "pk": 42, "fields": {"name": "Can change order", "content_type": 11, "codename": "change_order"}}, {"model": "auth.permission", "pk": 43, "fields": {"name": "Can delete order", "content_type": 11, "codename": "delete_order"}}, {"model": "auth.permission", "pk": 44, "fields": {"name": "Can view order", "content_type": 11, "codename": "view_order"}}, {"model": "auth.permission", "pk": 45, "fields": {"name": "Can add order item", "content_type": 12, "codename": "add_orderitem"}}, {"model": "auth.permission", "pk": 46, "fields": {"name": "Can change order item", "content_type": 12, "codename": "change_orderitem"}}, {"model": "auth.permission", "pk": 47, "fields": {"name": "Can delete order item", "content_type": 12, "codename": "delete_orderitem"}}, {"model": "auth.permission", "pk": 48, "fields": {"name": "Can view order item", "content_type": 12, "codename": "view_orderitem"}}, {"model": "auth.permission", "pk": 49, "fields": {"name": "Can add review", "content_type": 13, "codename": "add_review"}}, {"model": "auth.permission", "pk": 50, "fields": {"name": "Can change review", "content_type": 13, "codename": "change_review"}}, {"model": "auth.permission", "pk": 51, "fields": {"name": "Can delete review", "content_type": 13, "codename": "delete_review"}}, {"model": "auth.permission", "pk": 52, "fields": {"name": "Can view review", "content_type": 13, "codename": "view_review"}}, {"model": "auth.user", "pk": 1, "fields": {"password": "pbkdf2_sha256$600000$dyi2c3cBWHvPX9rqrfi0i4$tF/4d5HuCWSYfVbcMGCaHnWa5zSXBpC50Qi7jcS7+Rs=", "last_login": "2026-03-01T10:08:57.265Z", "is_superuser": true, "username": "Prashuk", "first_name": "Prashuk", "last_name": "Jain", "email": "prashukjain7722@gmail.com", "is_staff": true, "is_active": true, "date_joined": "2026-02-03T07:46:57Z", "groups": [], "user_permissions": []}}, {"model": "auth.user", "pk": 3, "fields": {"password": "pbkdf2_sha256$600000$kbDD6EgkRxWFWtRyoBH5ss$p3sudWxhwMo5ScDpfnvMAu1siCk8mzVngrQhUh7gP0s=", "last_login": "2026-02-06T05:51:15.740Z", "is_superuser": false, "username": "Rahul", "first_name": "", "last_name": "", "email": "rahul@gmail.com", "is_staff": false, "is_active": true, "date_joined": "2026-02-03T19:31:46.760Z", "groups": [], "user_permissions": []}}, {"model": "auth.user", "pk": 6, "fields": {"password": "pbkdf2_sha256$600000$d9Vt9GbDz0jbURSDNGOk8I$JXdWBslWxE1KmlQnuEx7rbqpN6N0DJaDw8NtsGIndSM=", "last_login": "2026-02-05T10:50:07.026Z", "is_superuser": false, "username": "Dhyan", "first_name": "", "last_name": "", "email": "dhyan@gmail.com", "is_staff": true, "is_active": true, "date_joined": "2026-02-04T19:57:41Z", "groups": [], "user_permissions": [29]}}, {"model": "auth.user", "pk": 7, "fields": {"password": "pbkdf2_sha256$600000$5cWNv77cwrDH6BbKsxG8QN$Mxb/xQGXxbCsWHXPwnZzjz9iKcYqG3sMLcw3kOcZG7U=", "last_login": "2026-02-05T10:52:39.644Z", "is_superuser": false, "username": "Pranshu", "first_name": "", "last_name": "", "email": "pranshu@gmail.com", "is_staff": true, "is_active": true, "date_joined": "2026-02-04T20:01:19Z", "groups": [], "user_permissions": []}}, {"model": "auth.user", "pk": 8, "fields": {"password": "pbkdf2_sha256$600000$8KT8GN340VnPANSKovTRiV$zM8trw9qzfQQWeaqJbZNLgIXZWw/6R7ARZ1Q0EPw0WI=", "last_login": "2026-02-05T10:50:29.800Z", "is_superuser": false, "username": "Anurag", "first_name": "", "last_name": "", "email": "anurag@gmail.com", "is_staff": false, "is_active": true, "date_joined": "2026-02-05T05:48:11.942Z", "groups": [], "user_permissions": []}}, {"model": "contenttypes.contenttype", "pk": 1, "fields": {"app_label": "admin", "model": "logentry"}}, {"model": "contenttypes.contenttype", "pk": 2, "fields": {"app_label": "auth", "model": "permission"}}, {"model": "contenttypes.contenttype", "pk": 3, "fields": {"app_label": "auth", "model": "group"}}, {"model": "contenttypes.contenttype", "pk": 4, "fields": {"app_label": "auth", "model": "user"}}, {"model": "contenttypes.contenttype", "pk": 5, "fields": {"app_label": "contenttypes", "model": "contenttype"}}, {"model": "contenttypes.contenttype", "pk": 6, "fields": {"app_label": "sessions", "model": "session"}}, {"model": "contenttypes.contenttype", "pk": 7, "fields": {"app_label": "store", "model": "category"}}, {"model": "contenttypes.contenttype", "pk": 8, "fields": {"app_label": "store", "model": "product"}}, {"model": "contenttypes.contenttype", "pk": 9, "fields": {"app_label": "orders", "model": "cart"}}, {"model": "contenttypes.contenttype", "pk": 10, "fields": {"app_label": "orders", "model": "cartitem"}}, {"model": "contenttypes.contenttype", "pk": 11, "fields": {"app_label": "orders", "model": "order"}}, {"model": "contenttypes.contenttype", "pk": 12, "fields": {"app_label": "orders", "model": "orderitem"}}, {"model": "contenttypes.contenttype", "pk": 13, "fields": {"app_label": "store", "model": "review"}}, {"model": "sessions.session", "pk": "mppeukik46so49uw4xmuiyh7qf387l8c", "fields": {"session_data": ".eJxVjDsOwjAQRO_iGlnxf0NJnzNYa6-NA8iW4qRC3J1ESgGabt6beTOP21r81tPiZ2JXJtjltwsYn6kegB5Y743HVtdlDvxQ-Ek7nxql1-10_w4K9rKvo9AWAJKw2qiopHBKYg6ZQCU7ZojWZKWtHowjM2qXJVoCJBO0GPawzxfB0Tbs:1vninW:0vR_Sd0Jj-HHqTYsFo_hhUQxjWehoMmkzxJp3MaxPkk", "expire_date": "2026-02-18T19:44:22.298Z"}}, {"model": "sessions.session", "pk": "tg2fbxam1qh7e7aizjhjiabyjszmu2kz", "fields": {"session_data": ".eJxVjDsOwjAQRO_iGlnxf0NJnzNYa6-NA8iW4qRC3J1ESgGabt6beTOP21r81tPiZ2JXJtjltwsYn6kegB5Y743HVtdlDvxQ-Ek7nxql1-10_w4K9rKvo9AWAJKw2qiopHBKYg6ZQCU7ZojWZKWtHowjM2qXJVoCJBO0GPawzxfB0Tbs:1voFUW:YIUREzhbMLU374qLMtTmT_zjztHG0_0axpvsqCzMSyQ", "expire_date": "2026-02-20T06:38:56.620Z"}}, {"model": "sessions.session", "pk": "zv0l84c628ex8usau7p6q9bz12xe4efm", "fields": {"session_data": ".eJxVjMEOwiAQRP-FszZQYAsevfsNZGFZWzXFlDYejP9um_TSzG3evPmK8MZaP2WiMOWa5zCXZx7FRZAeAOTZS8_ad9ajJ44tS3QkyUcGTeAYxUkEXOY-LDVPYaDVVMcuYlofN0APHO-lSWWcpyE226TZaW1uhfLrum8PBz3WfrWTMuCcywqM1Um3qtMtcmRyOoNnl8CyNmCk7ch603GLQA7JRqPkGvH7A5sRS7I:1vnip2:4-rALrwivAtkHm81r7r1en94rq8KssC64wsarUYFt_c", "expire_date": "2026-02-18T19:45:56.428Z"}}, {"model": "orders.cart", "pk": 1, "fields": {"user": 1, "created_at": "2026-02-03T17:51:17.160Z"}}, {"model": "orders.cart", "pk": 3, "fields": {"user": 3, "created_at": "2026-02-03T19:31:54.428Z"}}, {"model": "orders.cart", "pk": 5, "fields": {"user": 6, "created_at": "2026-02-04T19:57:52.510Z"}}, {"model": "orders.cart", "pk": 6, "fields": {"user": 7, "created_at": "2026-02-04T20:01:25.347Z"}}, {"model": "orders.cart", "pk": 7, "fields": {"user": 8, "created_at": "2026-02-05T05:48:20.598Z"}}, {"model": "orders.cartitem", "pk": 18, "fields": {"cart": 5, "product": 3, "quantity": 1}}, {"model": "orders.cartitem", "pk": 22, "fields": {"cart": 3, "product": 3, "quantity": 1}}, {"model": "orders.cartitem", "pk": 23, "fields": {"cart": 5, "product": 2, "quantity": 1}}, {"model": "orders.cartitem", "pk": 30, "fields": {"cart": 1, "product": 7, "quantity": 1}}, {"model": "orders.order", "pk": 1, "fields": {"user": 1, "full_name": "Prashuk Jain", "phone": "09725799334", "address": "Jahagir park\r\nFaiz madina masjid", "total_amount": 11200, "status": "Shipped", "created_at": "2026-02-03T17:51:37.556Z"}}, {"model": "orders.order", "pk": 2, "fields": {"user": 1, "full_name": "Prashuk Jain", "phone": "09725799334", "address": "Jahagir park\r\nFaiz madina masjid", "total_amount": 11200, "status": "Pending", "created_at": "2026-02-03T17:54:04.565Z"}}, {"model": "orders.order", "pk": 3, "fields": {"user": 1, "full_name": "Prashuk Jain", "phone": "09725799334", "address": "Jahagir park\r\nFaiz madina masjid", "total_amount": 57000, "status": "Pending", "created_at": "2026-02-03T18:26:21.785Z"}}, {"model": "orders.order", "pk": 4, "fields": {"user": 3, "full_name": "Rahul jain", "phone": "1234567890", "address": "palej", "total_amount": 10000, "status": "Shipped", "created_at": "2026-02-03T19:32:17.341Z"}}, {"model": "orders.order", "pk": 5, "fields": {"user": 1, "full_name": "Prashuk Jain", "phone": "09725799334", "address": "Jahagir park\r\nFaiz madina masjid", "total_amount": 2000, "status": "Pending", "created_at": "2026-02-04T17:56:51.778Z"}}, {"model": "orders.order", "pk": 6, "fields": {"user": 3, "full_name": "Prashuk Jain", "phone": "09725799334", "address": "Jahagir park\r\nFaiz madina masjid", "total_amount": 55000, "status": "Delivered", "created_at": "2026-02-04T17:59:00.633Z"}}, {"model": "orders.order", "pk": 8, "fields": {"user": 1, "full_name": "Prashuk Jain", "phone": "09725799334", "address": "Jahagir park\r\nFaiz madina masjid", "total_amount": 1200, "status": "Pending", "created_at": "2026-02-04T19:55:35.032Z"}}, {"model": "orders.order", "pk": 9, "fields": {"user": 6, "full_name": "dhyan patel", "phone": "1234567890", "address": "jhangir park palej", "total_amount": 4400, "status": "Shipped", "created_at": "2026-02-04T19:58:42.862Z"}}, {"model": "orders.order", "pk": 10, "fields": {"user": 8, "full_name": "Prashuk Jain", "phone": "09725799334", "address": "Jahagir park\r\nFaiz madina masjid", "total_amount": 21200, "status": "Pending", "created_at": "2026-02-05T05:48:44.164Z"}}, {"model": "orders.order", "pk": 11, "fields": {"user": 1, "full_name": "Prashuk Jain", "phone": "09725799334", "address": "Jahagir park\r\nFaiz madina masjid", "total_amount": 4000, "status": "Delivered", "created_at": "2026-02-05T06:27:04.939Z"}}, {"model": "orders.order", "pk": 12, "fields": {"user": 1, "full_name": "Prashuk Jain", "phone": "09725799334", "address": "Jahagir park\r\nFaiz madina masjid", "total_amount": 1200, "status": "Delivered", "created_at": "2026-02-05T10:51:35.149Z"}}, {"model": "orders.order", "pk": 13, "fields": {"user": 1, "full_name": "rrtrt trtr", "phone": "1234567890", "address": "drrtr rtrrtrtr rrrttrr", "total_amount": 62000, "status": "Pending", "created_at": "2026-02-06T06:05:47.559Z"}}, {"model": "orders.orderitem", "pk": 1, "fields": {"order": 1, "product": 1, "price": 10000, "quantity": 1}}, {"model": "orders.orderitem", "pk": 2, "fields": {"order": 1, "product": 3, "price": 1200, "quantity": 1}}, {"model": "orders.orderitem", "pk": 3, "fields": {"order": 2, "product": 1, "price": 10000, "quantity": 1}}, {"model": "orders.orderitem", "pk": 4, "fields": {"order": 2, "product": 3, "price": 1200, "quantity": 1}}, {"model": "orders.orderitem", "pk": 5, "fields": {"order": 3, "product": 2, "price": 2000, "quantity": 1}}, {"model": "orders.orderitem", "pk": 6, "fields": {"order": 3, "product": 5, "price": 55000, "quantity": 1}}, {"model": "orders.orderitem", "pk": 7, "fields": {"order": 4, "product": 1, "price": 10000, "quantity": 1}}, {"model": "orders.orderitem", "pk": 8, "fields": {"order": 5, "product": 2, "price": 2000, "quantity": 1}}, {"model": "orders.orderitem", "pk": 9, "fields": {"order": 6, "product": 5, "price": 55000, "quantity": 1}}, {"model": "orders.orderitem", "pk": 12, "fields": {"order": 8, "product": 3, "price": 1200, "quantity": 1}}, {"model": "orders.orderitem", "pk": 13, "fields": {"order": 9, "product": 2, "price": 2000, "quantity": 1}}, {"model": "orders.orderitem", "pk": 15, "fields": {"order": 10, "product": 1, "price": 10000, "quantity": 2}}, {"model": "orders.orderitem", "pk": 16, "fields": {"order": 10, "product": 3, "price": 1200, "quantity": 1}}, {"model": "orders.orderitem", "pk": 17, "fields": {"order": 11, "product": 2, "price": 2000, "quantity": 2}}, {"model": "orders.orderitem", "pk": 18, "fields": {"order": 12, "product": 3, "price": 1200, "quantity": 1}}, {"model": "orders.orderitem", "pk": 19, "fields": {"order": 13, "product": 1, "price": 10000, "quantity": 5}}, {"model": "orders.orderitem", "pk": 20, "fields": {"order": 13, "product": 2, "price": 2000, "quantity": 6}}, {"model": "store.category", "pk": 1, "fields": {"name": "Electronics"}}, {"model": "store.category", "pk": 3, "fields": {"name": "Fashion"}}, {"model": "store.category", "pk": 4, "fields": {"name": "Books"}}, {"model": "store.category", "pk": 5, "fields": {"name": "Laptops"}}, {"model": "store.product", "pk": 1, "fields": {"Category": 1, "name": "Mobiles", "price": 10000, "image": "products/mobiles_banner.jpeg", "description": "Value of Money", "stock": 20, "created_at": "2026-02-03T09:17:16.237Z"}}, {"model": "store.product", "pk": 2, "fields": {"Category": 3, "name": "Fashion", "price": 2000, "image": "products/Fashions.jpeg", "description": "Fashions available from 2000 - 3500", "stock": 3, "created_at": "2026-02-03T09:26:45.069Z"}}, {"model": "store.product", "pk": 3, "fields": {"Category": 4, "name": "Books", "price": 1200, "image": "products/books.jpeg", "description": "Find your Intrest", "stock": 2, "created_at": "2026-02-03T09:29:07.233Z"}}, {"model": "store.product", "pk": 5, "fields": {"Category": 1, "name": "Washing Machine", "price": 55000, "image": "products/washing_machine_wJ7PteY.jpeg", "description": "A best washing machine", "stock": 50, "created_at": "2026-02-03T10:36:08.361Z"}}, {"model": "store.product", "pk": 7, "fields": {"Category": 5, "name": "Samsung galaxy Book 4", "price": 62000, "image": "products/book_4.jpeg", "description": "Samsung Galaxy Book4 Metal Intel Core i5 13th Gen 1335U - (8 GB/512 GB SSD/Windows 11 Home) NP750XGJ-KG1IN / NP750XGJ-LG1IN Thin and Light Laptop (15.6 Inch, Gray, 1.55 Kg, With MS Office)", "stock": 10, "created_at": "2026-02-05T05:55:26.727Z"}}, {"model": "store.review", "pk": 5, "fields": {"product": 3, "user": 1, "rating": 5, "comment": "good", "created_at": "2026-02-05T10:52:07.242Z"}}, {"model": "store.review", "pk": 6, "fields": {"product": 2, "user": 1, "rating": 4, "comment": "good product", "created_at": "2026-02-06T05:48:07.250Z"}}, {"model": "store.review", "pk": 7, "fields": {"product": 5, "user": 3, "rating": 4, "comment": "good machine", "created_at": "2026-02-06T05:51:32.220Z"}}]